{
  "Добавление кошелька":
  [
    "Добавляет кошелёк с выбранным названием",
    [
      "Добавить кошелёк X --> Y, Z",
      [
        "X - имя кошелька", "Y - количество денег", "Z - валюта"
      ]
    ]
  ],
  "Удаление кошелька":
  [
    "Удаляет кошелёк ",
    [
      "Удалить кошелёк X",
      [
        "X - имя кошелька"
      ]
    ]
  ],
  "Зачисление денег на счёт":
  [
    "Добавляет деньги на выбранный кошелёк, а также добавляет операцию в таблицу операций",
    [
      "Получить X Y на Z, P",
      [
        "X - количество денег", "Y - валюта", "Z - имя кошелька", "P - операция"
      ]
    ]
  ],
  "Снятие или трата денег со счёта":
  [
    "Удаляет деньги с выбранного кошелька, а также добавляет операцию в таблицу операций",
    [
      "Потратить X Y с  Z, P",
      [
        "X - количество денег", "Y - валюта", "Z - имя кошелька", "P - операция"
      ]
    ]
  ],
  "Вывод статистики":
  [
    "Выводит статику выбранного кошелька за определённый период",
    [
      "Выведи статистику кошелька X за Y",
      [
        "X - имя кошелька", "Y - временной период"
      ]
    ]
  ],
  "Вывод информации о счёте":
  [
    "Выводит информацию о выбранном счёте",
    [
      "Выведи информацию о X",
      [
        "X - имя кошелька"
      ]
    ]
  ]
}